PMID,Year,Title,Abstract_Summary
42415114,2026,ApoE lipoproteins in the central nervous system under homeostasis and role in Alzheimer's disease and related disorders.,"ApoE associates with lipids to form discoidal and spherical lipoproteins that carry lipid and protein cargo throughout the brain. Most dramatically, nonlipidated ApoE has minimal binding to the low density lipoprotein receptor (LDLR), while lipidation of ApoE restores high affinity binding to LDLR."
42413776,2026,Thymus-derived myeloid programs track microglial tolerance states across human cohorts.,"Microglial functional positioning varies across individuals and disease contexts, yet conserved biological axes supporting reproducible cross-cohort inference remain poorly defined. Thymus-derived myeloid programs constitute a transferable, tissue-preferential axis inversely coupled to microglial tolerance-like positioning, without detectable glucocorticoid moderation."
42413720,2026,Steroidal alkaloid H89712 ameliorates neuroinflammation and memory deficits: Enhancing cerebral oxidative phosphorylation in APP/PS1 mice.,"Hippocampal morphology, neuronal apoptosis (TUNEL/NeuN), A&#x3b2; deposition (IHC), microglial activation (IBA-1), inflammatory cytokines (ELISA), and oxidative phosphorylation (RNA-seq, qRT-PCR, Western blot) were examined. Transcriptomic and molecular analyses confirmed that H89 upregulated oxidative phosphorylation-related genes and proteins (ATP5E, ATP5J2, NDUFA13, NDUFB3, COX7C, COX11)."
42410293,2026,Neuroinflammation in neurodegenerative diseases: pathogenic pathways and emerging pharmacotherapeutic targets in Alzheimer's and Parkinson's disease.,"This chronic brain inflammation leads to synaptic dysfunction, neuronal loss and ultimately clinical deterioration. Clinical trials targeting microglial phenotypes, cytokine signaling, inflammasome activity, and genetic risk factors are emerging therapeutic strategies."
42410071,2026,The Protective Effects of Small-Molecule Compound 0242 Against LPS-Induced Neuroinflammation and in P301S Tau Transgenic Mice.,"Neuroinflammation and tau pathology are central drivers of Alzheimer's disease (AD) progression, necessitating multi-target therapeutic strategies. In lipopolysaccharide (LPS)-stimulated BV-2 microglia, 0242 treatment significantly inhibited cell activation and nitric oxide release without cytotoxicity, while downregulating the mRNA levels of pro-inflammatory cytokines IL-1&#x3b2; and TNF-&#x3b1;."
42407324,2026,From DNA-encoded library (DEL) screening to in vivo validation: LILRB4 (ILT3)-targeted small molecules reprograms myeloid immune suppression.,"Alzheimer's disease (AD) remains a major unmet clinical challenge, with limited therapeutic strategies capable of effectively modulating neuroimmune dysfunction. In human iPSC-derived microglia, APX1 suppressed SHP1/2 phosphorylation, attenuated NF-&#x3ba;B activation and IL-1&#x3b2; secretion, and restored A&#x3b2;42 uptake under ApoE-driven inflammatory conditions."
42406507,2026,Senescent cells accumulate lipid droplets.,"Senescent cells (SnCs) are growth-arrested yet remain metabolically active and undergo extensive reprogramming to support their survival and the Senescence-Associated Secretory Phenotype (SASP). SnCs undergo key metabolic changes, including increased glycolysis, altered mitochondrial function and dysregulated lipid metabolism."
42406171,2026,Vorinostat Rescues Cognitive Deficits in a Neuroinflammatory Mouse Model: A Study of Sex Differences and the Underlying TLR4/NF-&#x3ba;B Mechanism.,"Western blot and quantitative PCR (qPCR) were used to detect hippocampal expression of the TLR4/TRAF6/IKK&#x3b1;/NF-&#x3ba;B pathway, inflammatory factors (IL-6, IL-1&#x3b2;, TNF-&#x3b1;, iNOS), and neuroplasticity-related proteins (BDNF, p-CREB). SAHA treatment markedly alleviated LPS-induced inflammation, neuropathology, and cognitive deficits."
42404903,2026,"Cholinergic regulation of neuroinflammation: linking microglia, immunometabolism, and neuromodulation.","However, its neurological relevance extends beyond the classical peripheral vagus nerve-mediated inflammatory reflex. Within the central nervous system, cholinergic signaling interacts with resident immune cells, particularly microglia, and influences inflammatory tone, neuronal vulnerability, and tissue repair."
42404434,2026,Inflammatory alterations mediate tau-associated neurodegeneration.,Cognitive assessments and consensus diagnoses were performed at the Columbia Alzheimer's Disease Research Center with biomarker information when available to define cognitive impairment. Exploratory analyses were stratified by amyloid positivity.
